"marketing_type_id","marketing_type_name","inference_cues","goal","information_structure","best_for_business","default_product_combination_ids","default_background_recipe_ids","default_composition_ids","prompt_fragment","negative_rule_ids","notes"
"m_flash_sale","秒杀促销","秒杀|限时|抢购|低价|直降|特价|冲|立即买","强价格、强权益、限时感和转化。","主标题强利益点；商品清晰；价格、折扣、补贴或限时信息整理为轻量权益模块。","biz_consumer_electronics|biz_n_category","combo_single_hero|combo_same_category_multi_sku|combo_product_cards|combo_subject_card_carrier","bg_clean_gradient_product|bg_card_module_benefit|bg_graphic_operation|bg_product_podium","comp_stable_product|comp_card_grid","突出限时和转化感，商品主体清楚；价格、折扣、补贴或保障信息作为轻量权益模块参与，不作为整张背景主风格。","neg_no_unprovided_facts|neg_visual_clutter","日常秒杀保持清晰有序；组合方式先看对象数量和并列结构；背景由品类和使用语境决定。"
"m_subsidy_benefit","权益补贴","补贴|券|立省|加价|福利|优惠|省钱|权益|会员|充值|储值|兑换","表达券、补贴、加价、福利、充值、会员、兑换和权益层级。","主标题利益点；副标题解释权益；价格、补贴、充值、会员、兑换、保障或服务点整理为轻量权益模块，并与商品或服务对象形成关系。","biz_consumer_electronics|biz_n_category|biz_recycle","combo_single_hero|combo_subject_card_carrier|combo_product_cards|combo_multi_recyclable|combo_service_flow","bg_card_module_benefit|bg_recycle_service_graphic|bg_product_podium|bg_clean_gradient_product","comp_stable_product|comp_card_grid|comp_service_flow","突出权益获得感和转化路径，权益模块清晰克制；权益信息作为信息层参与，不作为整张背景主风格。","neg_no_unprovided_facts|neg_visual_clutter","回收补贴需要保持回收语义；卡券类会员、充值、兑换任务优先按虚拟权益卡面处理；组合方式先看对象数量和并列结构；背景由业务线、品类和使用语境决定。"
"m_good_goods","好货推荐","好货|精选|值得买|推荐|好物|品质|严选","表达精选感、品质感和轻转化。","标题推荐理由；商品清晰；信息密度中等。","biz_consumer_electronics|biz_n_category","combo_single_hero|combo_scene_display|combo_same_category_multi_sku|combo_product_cards|combo_subject_card_carrier","bg_clean_gradient_product|bg_graphic_operation|bg_product_podium|bg_lifestyle_scene_soft","comp_stable_product|comp_premium_closeup|comp_card_grid","表现精选和品质感，商品展示稳定清晰，营销感适中，重点是被策划过的商品专题感。","neg_no_template_sale|neg_visual_clutter","适合从标题中没有强促销时作为默认营销类型。"
"m_lifestyle_seeding","生活方式种草","周末|出发|生活|场景|陪伴|种草|想要|适合|夏天|通勤","激发兴趣、使用想象和情绪价值。","标题营造场景；商品融入但仍清晰；背景提供使用理由。","biz_n_category|biz_consumer_electronics","combo_scene_display|combo_single_hero|combo_subject_card_carrier|combo_cross_category","bg_lifestyle_scene_soft|bg_graphic_operation|bg_outdoor_cycling_scene|bg_work_study_desk|bg_travel_camera_scene","comp_scene_immersive|comp_stable_product","建立真实或半真实使用语境，让用户理解商品为什么适合当前生活场景，同时保持商品清晰可识别。","neg_visual_clutter|neg_no_template_sale","适合骑行、乐器、摄影摄像、耳机、家电等。"
"m_professional_recommendation","专业推荐","专业|性能|参数|器材|选购|推荐|质感|升级|配置","建立专业感、可信度、功能、参数、材质或推荐理由。","标题强调专业理由；商品质感和结构清晰；信息区克制。","biz_n_category|biz_consumer_electronics","combo_single_hero|combo_subject_card_carrier|combo_same_category_multi_sku|combo_scene_display","bg_clean_gradient_product|bg_product_podium|bg_travel_camera_scene|bg_work_study_desk","comp_stable_product|comp_premium_closeup|comp_scene_immersive","画面专业、可信、克制，突出商品材质、结构和使用价值，保留清晰标题与推荐理由区域。","neg_no_unprovided_facts|neg_no_template_sale","若标题包含具体参数，必须来自用户或商品库。"
"m_service_trust","服务信任","回收|估价|质检|打款|上门|隐私|安心|保障|官方验|省心","建立流程、保障、平台背书和服务可信。","标题表达服务承诺或安心感；流程或信任点清晰；商品不是售卖主角。","biz_recycle|biz_consumer_electronics","combo_service_flow|combo_multi_recyclable|combo_single_hero","bg_recycle_service_graphic|bg_premium_dark_trust|bg_product_podium","comp_service_flow|comp_stable_product|comp_premium_closeup","突出平台信任、流程清晰和服务安全感，视觉稳定克制，商品或品类用于说明服务对象。","neg_business_recycle_not_sale|neg_service_claims_source|neg_no_unprovided_facts","回收任务默认优先考虑此类型或权益补贴。"
"m_seasonal_promotion","节气促销","618|毕业季|开学|夏日|年货|节日|节点|换季|节气","利用节点理由和活动氛围促进转化。","标题给节点；副标题连接商品或服务理由；促销感中等到中高。","biz_n_category|biz_consumer_electronics|biz_recycle","combo_cross_category|combo_multi_recyclable|combo_scene_display|combo_product_cards","bg_graphic_operation|bg_lifestyle_scene_soft|bg_card_module_benefit|bg_recycle_service_graphic","comp_scene_immersive|comp_card_grid|comp_stable_product","围绕节点建立活动理由，背景可带节点氛围，但商品和标题仍是核心。","neg_no_unprovided_facts|neg_visual_clutter","节点不是目的本身，仍需服务商品或回收目标。"
"m_new_arrival","新品上新","新品|上新|首发|新款|尝鲜|发布|换新","表达新品感、首发感、商品高光和尝鲜动作。","中心商品高光；标题清楚；信息区克制。","biz_consumer_electronics|biz_n_category|biz_recycle","combo_single_hero|combo_same_category_multi_sku","bg_new_arrival_stage|bg_clean_gradient_product|bg_product_podium","comp_stable_product|comp_premium_closeup","突出新品登场和商品高光，构图稳定，保留发布感和清晰标题区域。","neg_no_unprovided_facts|neg_no_template_sale","回收里的换新要保持回收或以旧换新语义。"
"m_sales_ranking","销售排行","TOP|排行|榜单|热销|第1|第一|排名","表达排序、热销可信感和选择理由。","榜单层级；TOP 商品更突出；排名或热销信息整理为清晰榜单模块。","biz_consumer_electronics|biz_n_category","combo_ranked_products|combo_product_cards|combo_same_category_multi_sku","bg_card_module_benefit|bg_graphic_operation|bg_clean_gradient_product","comp_card_grid","采用榜单或商品卡结构，强化排名层级和热销可信感，商品清晰可比较；排名信息作为榜单模块参与，不作为整张背景主风格。","neg_ranking_requires_source|neg_no_unprovided_facts","样本较少，默认谨慎；背景由品类和榜单承载方式共同决定。"
