"combination_id","combination_name","meaning","image_count_hint","best_for_marketing","best_for_business","best_for_relation","arrangement_principle","positive_visual_language","prompt_fragment","negative_rule_ids","notes"
"combo_single_hero","单品主推式陈列","一个商品或核心视觉主体作为画面主角，标题和权益围绕它组织。","1","m_new_arrival|m_professional_recommendation|m_flash_sale|m_good_goods|m_service_trust","all","rel_single_hero|rel_primary_support","依据主体形态选择中心、偏心、极简产品发布感、浅层微场景或信息模块承载，核心是完整露出和视觉重心稳定；消费电子 B 档单主商品先从主体清晰展示、功能局部特写、高级几何承托空间中选定一个主方向并写入 review，可融合另外 1-2 个辅助方向服务商品质感、空间承托或细节表达；同时可使用建筑切面式块面、浅色强对比或深色强对比、材质边缘高光、真实或半真实空间、浅层微场景或少量精致道具来承托商品；承托结构优先几何块面、品牌色块、磨砂材质平面、金属、石材、漆面或阶梯式透视平面；单张游戏人物或角色立绘可作为整张海报的主视觉人物。","主体轮廓干净，光影和空间指向主体，标题区与主体区之间有清晰呼吸感；消费电子商品保持最清晰视觉位置，材质纹理、边缘高光、接触阴影、产品自身反射和明确明暗层次共同形成克制高端发布感；信息模块轻量、细线、短句、低透明，不抢商品；游戏人物主视觉可与弱游戏语境背景、活动光线或平面图形背景形成一体化前后景。","采用单品主推式陈列，主商品或主视觉主体占据最清晰视觉位置，标题、卖点、承托空间和背景都服务主体。","neg_product_identity|neg_no_crop_occlusion|neg_visual_clutter","稳定承托优先组合；消费电子 B 档从主体清晰展示、功能局部特写、高级几何承托空间中选一个主方向并记录，可融合另外 1-2 个辅助方向；同时承接浅色强对比或深色强对比、材质边缘高光、真实或半真实空间和浅层微场景。支持商品图、单主商品轻信息模块和单张游戏人物主视觉。"
"combo_billiards_cue_diagonal_texture","台球杆斜向质感陈列","台球杆展示方式基线：以斜向长线条、局部工艺放大和近景裁切为核心，突出专业器材的材质、细节和收藏级质感。","1_plus","m_professional_recommendation|m_good_goods|m_flash_sale|m_subsidy_benefit|m_new_arrival","biz_n_category","rel_single_hero|rel_multi_collection","上传图作为商品身份参考，不锁死原图构图；B 档在无人物陈列时默认优先使用这套商品展示骨架。主视觉必须优先是杆尾或握把附近的局部放大，不以全杆完整展示为默认目标；画面必须清晰看到至少一个高价值细节：镶嵌纹理、金属环、木纹、握把皮纹或漆面高光。多杆时，多个素材默认进入多杆陈列，采用平行错落、轻微角度差、前后层次或同向延展，不按主推+陪衬处理，不做普通商品排队。前景可使用少量虚化台球、材质边缘、光影切面或雾化层形成深度，遮挡只服务近景层次和高级感。人物参与为是时，不使用本组合，应改走 combo_billiards_cue_people_use / 台球杆人物使用陈列。","重点突出杆身纹理、握把皮纹、木纹、金属环、镶嵌装饰、漆面高光和接触阴影，画面保持专业、沉稳、克制、有收藏级器材气质；允许强近景、强裁切、局部放大和少量前景层次，但握把、金属环、镶嵌纹理、杆身延伸方向等关键识别特征稳定。默认优先局部质感近景；多杆时优先多杆错落陈列且每根杆保持可识别。","采用台球杆斜向质感陈列，默认以斜向长线条和局部工艺近景组织画面，不以全杆完整展示为默认目标；默认优先局部放大并清晰呈现高价值细节，多杆时优先成组错落陈列，通过局部质感放大、杆身延伸和少量前景层次突出专业器材价值；人物参与为是时不调用本组合。","neg_product_identity|neg_no_crop_occlusion|neg_visual_clutter","台球杆 B 档展示方式基线；以斜向广告式器材陈列服务高级商品摄影；人物参与为是时改走台球杆人物使用陈列。"
"combo_billiards_cue_natural_texture_display","台球杆自然质感陈列","台球杆在场景承托下的自然展示骨架：以自然落位、局部放大和器材质感为核心，突出专业器材细节、控制感和收藏级气质。","1_plus","m_professional_recommendation|m_good_goods|m_flash_sale|m_subsidy_benefit|m_new_arrival","biz_n_category","rel_single_hero|rel_multi_collection","上传图只作商品身份参考，不锁死原图构图；A/S 在无人物陈列时默认使用本组合。台球杆可自然躺放、轻斜搭放、局部靠放、局部出画或与桌边/台面形成真实关系，不强制单一朝向。主视觉必须以杆尾或握把附近的局部放大为第一视觉重心，并清晰看到至少一个高价值细节：镶嵌纹理、金属环、木纹、握把皮纹或漆面高光。多杆时采用平行错落、轻微角度差、前后层次、局部交叠或同向延展，不按主推+陪衬处理；多杆错落陈列时每根杆可识别。前景层次和少量道具只服务空间真实感与局部重点。人物参与为是时改走 combo_billiards_cue_people_use / 台球杆人物使用陈列。","重点突出杆身纹理、握把皮纹、木纹、金属环、镶嵌装饰、漆面高光和接触阴影，画面保持专业、沉稳、克制、有收藏级器材气质；自然落位提供真实场景关系，局部放大提供器材价值，不让场景或道具盖过商品。多杆时保持错落陈列且每根杆可识别。","采用台球杆自然质感陈列，主视觉必须以杆尾或握把附近的局部放大为第一视觉重心，并清晰呈现至少一个高价值细节；多杆错落陈列且每根杆可识别；人物参与为是时不调用本组合。","neg_product_identity|neg_no_crop_occlusion|neg_visual_clutter","台球杆 A/S 共用展示基线；以自然落位和局部放大区分于 B 档斜向广告式陈列；人物参与为是时改走台球杆人物使用陈列。"
"combo_billiards_cue_people_use","台球杆人物使用陈列","台球杆在人物真实使用关系中的专用展示骨架。","1","m_professional_recommendation|m_good_goods|m_flash_sale|m_subsidy_benefit|m_new_arrival","biz_n_category","rel_single_hero","上传图作为商品身份参考，仅用于单张台球杆素材且人物参与为是的路由。人物使用上传商品图中的同一根台球杆形成真实出杆姿态，后手位于杆尾或握把区域，前手贴台形成架杆。人物使用关系是主组织逻辑，默认采用能完整读出使用关系的近中景、中景或半身镜头，优先保证前手、后手、杆身延伸方向和出杆姿态成立，同时保持同一款台球杆的核心外观和关键识别特征。","画面重点是人物与台球杆形成真实使用关系，同时保持台球杆作为专业器材的质感、细节和主角地位；人物使用关系优先于局部特写，细节高光、材质纹理和局部工艺只作为次级强化，场景和道具只做低存在感承托。","采用台球杆人物使用陈列，人物使用上传商品图中的同一根台球杆形成真实出杆姿态，后手位于杆尾或握把区域，前手贴台形成架杆；默认用能完整读出人物与球杆使用关系的近中景、中景或半身镜头组织画面，同时保持台球杆是画面主角。","neg_product_identity|neg_no_crop_occlusion|neg_visual_clutter|neg_people_not_using_product","台球杆 A/S 人物参与专用组合；只适用于单张台球杆素材，不替代多杆陈列。"
"combo_billiards_competition_scene","台球杆竞技场景陈列","台球杆 A 档真实场景承托能力，以真实台球语境中的专业器材展示为核心，突出器材控制感、空间秩序和兴趣消费价值。","1_plus","m_professional_recommendation|m_good_goods|m_flash_sale|m_subsidy_benefit","biz_n_category","rel_single_hero|rel_multi_collection","上传图作为商品身份参考，不锁死原图构图；真实场景只负责提供标准台球厅、斯诺克馆、练球台或俱乐部兴趣空间中的语境，商品摆放仍继承 combo_billiards_cue_natural_texture_display / 台球杆自然质感陈列。默认保持局部放大主视觉；多杆保持成组错落陈列，不做商品堆叠。","场景以台球杆为主角，绿色台呢、桌边、少量台球、杆架、灯光和俱乐部空间只做低存在感专业语境；画面保持商品整体识别、专业、克制、真实、有控制感。","采用台球杆竞技场景陈列，用真实台球语境承托台球杆自然质感陈列，让场景解释器材价值但不改写商品主角地位。","neg_product_identity|neg_no_crop_occlusion|neg_visual_clutter","台球杆 A 档场景承托；优先配合 bg_billiards_clean_table，不替代台球杆 A/S 的自然质感组合。"
"combo_billiards_surreal_concept_scene","台球杆超现实概念陈列","台球杆 S 档概念空间承托能力，以超现实空间中的专业器材主视觉为核心，突出器材精密感、收藏级质感和概念广告气质。","1_plus","m_professional_recommendation|m_good_goods|m_new_arrival","biz_n_category","rel_single_hero|rel_multi_collection","上传图作为商品身份参考，不锁死原图构图；超现实空间只负责提供材质漂浮空间、几何结构解构空间、超现实桌台重构或光线雕刻等承托，商品摆放仍继承 combo_billiards_cue_natural_texture_display / 台球杆自然质感陈列。默认保持局部放大主视觉；多杆保持成组错落、同向延展、尺度错位或前后景呼应，不做普通商品排队。","画面强调器材精密感、长线条控制感、漂浮承托、空间切面和高端广告留白；超现实元素只服务台球杆主视觉，不遮挡关键识别特征，不削弱材质和结构识别。","采用台球杆超现实概念陈列，用克制的概念广告空间承托台球杆自然质感陈列，通过漂浮、结构解构、桌台重构或光线雕刻强化高端器材主视觉。","neg_product_identity|neg_no_crop_occlusion|neg_visual_clutter","台球杆 S 档场景承托；优先配合 bg_billiards_surreal_concept_space，不替代台球杆 A/S 的自然质感组合。"
"combo_ce_single_scene","消费电子单品场景表达","消费电子 A 档父级组合入口，根据补充要求或随机选择高级摄影生活方式或人物局部使用。","1","m_lifestyle_seeding|m_professional_recommendation|m_good_goods|m_seasonal_promotion|m_new_arrival","biz_consumer_electronics","rel_single_hero|rel_primary_support","从 combo_ce_photo_lifestyle / 消费电子高级摄影生活方式 或 combo_ce_partial_people_use / 消费电子人物局部使用中选择一种主表达，并把选中组合写入 review；人物、佩戴、手持、操作、局部人物等补充要求优先命中人物局部使用；生活方式、窗边、通勤、办公、居家、沙滩、夏天等补充要求优先命中高级摄影生活方式；无补充要求时在 A 档候选中随机。","A 档重点是把使用产品后的生活状态或使用关系拍高级；产品自然融入场景但保持清晰可识别，通过高光、清晰边缘、材质反射、佩戴关系、接触阴影、明暗层次和景深突出。","采用消费电子单品场景表达，从高级摄影生活方式或人物局部使用中选定一种主表达并写入 review，同时选定消费电子光影策略。","neg_product_identity|neg_no_crop_occlusion|neg_visual_clutter|neg_people_not_using_product","消费电子 A 档父级入口；具体视觉语言读取 combo_ce_photo_lifestyle 或 combo_ce_partial_people_use。"
"combo_ce_photo_lifestyle","消费电子高级摄影生活方式","消费电子 A 档候选；产品进入品牌生活方式摄影语境，真实光线、浅景深、材质高光、人物或空间情绪共同服务使用体验。","1_plus","m_lifestyle_seeding|m_professional_recommendation|m_good_goods|m_seasonal_promotion|m_new_arrival","biz_consumer_electronics","rel_single_hero|rel_primary_support|rel_multi_collection","用自然窗光、侧逆光、树影投射、浅景深、织物质感、墙面光影、书本、咖啡杯、植物、沙发或桌角等少量真实生活细节表现理想使用状态；产品自然融入生活场景，不必最大，但要通过清晰边缘、材质反射、佩戴或使用关系保持可识别。","真实生活细节、光影、空间和材质共同服务商品识别；文字低占比、留白充分，画面像品牌生活方式广告。","选中消费电子高级摄影生活方式：用真实生活光影、浅景深和少量生活细节表现理想使用状态，产品自然融入场景并保持清晰可识别。","neg_product_identity|neg_no_crop_occlusion|neg_visual_clutter","消费电子 A 档候选；补充要求出现生活方式、窗边、通勤、办公、居家、沙滩、夏天等具体生活场景时优先。"
"combo_ce_partial_people_use","消费电子人物局部使用","消费电子 A 档候选；人物承担使用关系、情绪状态和光影氛围，画面围绕产品、手部、耳部、肩颈、佩戴部位或操作动作组织。","1","m_lifestyle_seeding|m_professional_recommendation|m_good_goods|m_seasonal_promotion","biz_consumer_electronics","rel_single_hero|rel_primary_support","人物不是展示模特，而是使用状态和氛围辅助；可采用背向、侧身、完整侧转、闭眼侧脸、暗部轮廓、低对比人物剪影、耳部佩戴、手持或手部操作；产品不必巨大，但必须通过佩戴关系、清晰边缘、材质反射、轮廓高光和明暗对比成为可识别焦点。","人物光影服务商品和情绪；人物局部使用适合单品，人物与用户提供的商品形成可见佩戴、手持、操作或使用关系。","选中消费电子人物局部使用：用局部人物、手部、耳部、佩戴或操作关系证明商品使用价值，商品保持清晰可识别。","neg_product_identity|neg_no_crop_occlusion|neg_visual_clutter|neg_people_not_using_product","消费电子 A 档候选；补充要求出现人物、佩戴、手持、操作、局部人物、不露脸、侧身、手部等词时优先；该组合适合单品。"
"combo_product_cards","商品卡阵列组合","多个商品、多个对象或明确并列信息结构进入统一模块，适合多对象并列、比较和分组表达。","2_plus_or_parallel_structure","m_flash_sale|m_subsidy_benefit|m_sales_ranking|m_good_goods","biz_consumer_electronics|biz_n_category|biz_recycle","rel_multi_collection|rel_ranked_list|rel_multi_recyclable","用统一容器组织多个商品、SKU、配件、品类、权益对象、服务对象、流程节点或并列比较模块，容器可以是卡片、信息格、横向分区或纵向序列；卡券类对象按虚拟权益卡、充值卡、会员卡或兑换卡组织；潮玩在用户明确平面卡片、收藏卡、图鉴或多卡并列时可进入商品卡阵列组合，卡片样式保持同一体系。","卡片像运营界面的信息架构：边距、对齐、阴影、圆角、色彩和阅读顺序统一，每个对象露出完整，模块之间有清晰层级；潮玩平面卡片风从收藏卡、贴纸框或相框中选择一种主卡片语言，卡片轻松错落但仍有主次；卡券类卡片强调可信卡面、权益层级和兑换/充值价值，不做成潮玩手帐贴纸。","采用商品卡阵列组合，多个商品、对象或并列比较模块进入清晰模块卡片，卡片数量克制，对象露出完整。","neg_product_identity|neg_no_crop_occlusion|neg_no_unprovided_facts|neg_visual_clutter|neg_background_disconnected_system","组合层命名；稳定承托下的多对象模块化陈列；适合多商品、多 SKU、多品类、多权益对象、多服务对象、榜单或对比结构。潮玩普通场景表达优先同品类多款或场景化陈列，明确平面卡片风时再优先商品卡阵列组合。"
"combo_subject_card_carrier","主体卡片承载式陈列","用主卡片、收藏卡、相框、权益卡面或界面面板承载主商品、权益素材或视觉素材，适合一个主主体加少量辅助卡片。","1_to_3","m_good_goods|m_lifestyle_seeding|m_flash_sale|m_subsidy_benefit|m_professional_recommendation","biz_n_category|biz_consumer_electronics","rel_single_hero|rel_primary_support|rel_multi_collection","用一张明确主卡片承载主体，主卡片可以是收藏卡、相框、海报框、权益卡面、会员/充值/兑换卡面、界面面板或商品展示卡；辅助卡片、贴纸、标签用于少量氛围或信息补充；潮玩平面风从收藏卡、贴纸卡、相框或撕纸层中选择 1-2 类平面承载语言来承载实物商品切图；卡券用权益卡面或充值卡面承载。","主卡片有清晰边框、轻微厚度、投影和适度透视；主体完整清晰，可局部破出卡片边界形成前后层次；辅助卡片共享统一边距、阴影、色彩和光源规则；潮玩类主体卡偏收藏卡、贴纸、撕纸和趣味错落，商品贴合平面系统但保持主次；卡券类主体卡保持清晰可信的虚拟权益卡面。","采用主体卡片承载式陈列，用主卡片或界面面板承载主体，主体可局部破框形成层次，少量辅助卡片或标签补充氛围。","neg_product_identity|neg_no_crop_occlusion|neg_no_unprovided_facts|neg_visual_clutter|neg_background_disconnected_system","主卡装主体，权益卡装信息；适合需要卡片、收藏卡、权益卡面、相框或界面面板承载的潮玩、卡券、数码商品或主商品素材。N 品类游戏人物/角色立绘优先作为主视觉进入游戏背景；用户明确要求角色卡、皮肤卡或卡片承载时再作为特殊测试方向。潮玩补充要求为平面风时优先作为候选。"
"combo_cross_category","跨品类集合","不同品类共同出现，表达多品类覆盖或主题集合。","3_plus","m_seasonal_promotion|m_good_goods|m_lifestyle_seeding","biz_n_category|biz_consumer_electronics|biz_recycle","rel_multi_collection|rel_multi_recyclable","按品类分组，并通过共同标题、色带、空间光源、信息模块或场景线索连接。","跨品类要像同一主题下的不同入口：每组有独立识别，整体有统一光源、色彩和运营秩序。","采用跨品类集合，不同品类围绕同一活动理由组织，画面中有清晰主次和分组。","neg_product_identity|neg_no_crop_occlusion|neg_visual_clutter","回收可转为多品类回收组合。"
"combo_same_category_multi_sku","同品类多款","同一品类多个 SKU 或多款商品并列，强调选择丰富。","2_plus","m_flash_sale|m_good_goods|m_professional_recommendation|m_sales_ranking","biz_consumer_electronics|biz_n_category","rel_multi_collection|rel_ranked_list","保持同类商品的角度、尺度和间距有节奏变化，可用横向序列、轻弧线、前后错落或统一卡片形成选择感；潮玩多款可采用主推+陪衬的同品类专题陈列，主商品更突出，陪衬商品在前后、高低、大小和角度上错落分布，承托物只选择少量主类型。","多款同品类商品要有比较感：主体结构清楚，重点款更突出，其余商品在统一节奏中补充丰富度；潮玩多款像被策划过的礼物橱窗或收藏专题，错落有趣但不平均排队、不塞满卡片，装饰和承托只形成一种主陈列语言。","采用同品类多款陈列，多件同类商品形成选择丰富感，主推款或重点款更突出。","neg_product_identity|neg_no_crop_occlusion|neg_no_unprovided_facts","稳定承托优先组合；适合手机、电脑、摄影摄像和潮玩多款。潮玩场景表达时可与平面立体融合背景联动。"
"combo_ce_curated_assortment","消费电子专题货盘陈列","消费电子 S 档父级组合入口，根据补充要求或随机选择微缩主题场景或超现实商品场景。","1_plus","m_flash_sale|m_good_goods|m_professional_recommendation|m_seasonal_promotion|m_new_arrival","biz_consumer_electronics","rel_single_hero|rel_primary_support|rel_multi_collection","从 combo_ce_miniature_theme / 消费电子微缩主题场景 或 combo_ce_surreal_product_scene / 消费电子超现实商品场景中选择一种主表达，并把选中组合写入 review；具体场景、小世界、夏天、沙滩、旅行、街道、草地、桌面城市等补充要求优先命中微缩主题场景；漂浮、悬浮、梦幻、超现实、抽象自然、未来空间、尺度错位等补充要求优先命中超现实商品场景；无补充要求时在 S 档候选中随机。","S 档重点是形成更强的主题视觉：商品可以是单件或多件，需保持完整清晰、尺度关系合理、关键识别特征稳定；同品类多款和跨品类集合共享同一空间光源、接触阴影和细腻材质层次，重点商品突出，陪衬商品完整可识别。","采用消费电子专题货盘陈列，从微缩主题场景或超现实商品场景中选定一种主表达并写入 review，同时选定消费电子光影策略。","neg_product_identity|neg_no_crop_occlusion|neg_visual_clutter|neg_no_unprovided_facts","消费电子 S 档父级入口；具体视觉语言读取 combo_ce_miniature_theme 或 combo_ce_surreal_product_scene。"
"combo_ce_miniature_theme","消费电子微缩主题场景","消费电子 S 档候选；商品成为小世界里的主体建筑、主装置、主地景、道具节点或路径地标，微缩场景用来隐喻卖点和情绪。","1_plus","m_flash_sale|m_good_goods|m_professional_recommendation|m_seasonal_promotion|m_new_arrival","biz_consumer_electronics","rel_single_hero|rel_primary_support|rel_multi_collection","把消费电子商品组织成微缩世界的主建筑、主装置、主地景、核心道具或路径节点，可配合机场跑道、海滩、街道、草地、桌面城市、旅行路线、微型地面、坡道、房间切片、旅行箱内景、书本地形、沙滩岸线、微型小人、交通工具、植物或光影路径形成产品卖点和情绪隐喻；微型元素只负责建立尺度、故事和使用理由。","商品完整清晰且尺度关系合理；画面有小世界尺度关系、接触阴影、互动细节和空间叙事。","选中消费电子微缩主题场景：把商品作为小世界主体或节点，配合微型空间、路径和比例参照形成主题隐喻，商品保持完整清晰。","neg_product_identity|neg_no_crop_occlusion|neg_visual_clutter|neg_no_unprovided_facts","消费电子 S 档候选；补充要求出现小场景、微缩、小世界、机场、海滩、街道、旅行、草地、桌面城市、主题隐喻等词时优先。"
"combo_ce_surreal_product_scene","消费电子超现实商品场景","消费电子 S 档候选；消费电子商品进入高级、克制、有想象力的广告空间，用漂浮、尺度错位、梦幻材质、抽象自然或未来空间表达商品气质和使用价值。","1_plus","m_good_goods|m_professional_recommendation|m_seasonal_promotion|m_new_arrival","biz_consumer_electronics","rel_single_hero|rel_primary_support|rel_multi_collection","让消费电子商品进入高级、克制、有想象力的广告空间，可使用漂浮、尺度错位、梦幻材质、抽象自然、未来空间、现实与虚构交界、柔和雾化空间、镜面水面、云雾、光幕、抽象地形或半真实空间；商品保持完整清晰、材质高级、关键结构稳定，通过清晰边缘、产品轮廓光、材质反射、接触阴影或漂浮阴影成为视觉焦点。","超现实感来自尺度、空间、材质、光影和留白；场景负责建立想象力、情绪和品牌感，商品仍是最清楚的主视觉。","选中消费电子超现实商品场景：用克制的超现实广告空间表达商品气质，商品完整清晰、材质高级、关键结构稳定。","neg_product_identity|neg_no_crop_occlusion|neg_visual_clutter|neg_no_unprovided_facts","消费电子 S 档候选；补充要求出现超现实、梦幻、漂浮、悬浮、尺度错位、抽象自然、未来空间、现实与虚构等词时优先。"
"combo_scene_display","场景化陈列","商品或核心视觉主体按使用场景、内容场景或活动场景组织，让用户理解当前主题。","1_to_5","m_lifestyle_seeding|m_professional_recommendation|m_good_goods|m_seasonal_promotion|m_flash_sale","biz_n_category|biz_consumer_electronics","rel_single_hero|rel_primary_support|rel_multi_collection","把主体放进能解释主标题的空间关系里，场景可以是桌面、户外、练习、通勤、演出、家居、拍摄、轻科技空间、游戏背景、半抽象空间或内容专题空间；潮玩场景表达可使用平面图形背景与轻立体小场景融合，平面层选 1-2 类主元素，轻立体层选 1 类主承托、最多 1 类辅助承托来承托商品；消费电子 A/S 已选中高级摄影生活方式、人物局部使用、微缩主题场景或超现实商品场景时，应按选中方向组织空间，桌面或轻科技空间只作为该方向的具体场所，不作为默认替代方案；当商品价值来自佩戴、手持、操作、使用、出行、练习、拍摄或演奏时，可引入手部、局部人物、佩戴者、使用者或道具关系；人物参与为是时，人物与用户提供的商品形成清晰可见的使用关系。","场景像主题价值的证据：道具、空间、光线或背景解释使用理由和活动语境，视线最终回到主体本身；潮玩场景要有收藏、礼物、入坑或趣味价值，商品是前景焦点，道具只做柔和承托，平面元素和轻立体陈列共享色彩、阴影和边缘节奏，并以少量主元素形成一种清楚的专题陈列语言；消费电子按已选中的 A/S 主表达组织场景，可是办公、通勤、运动、拍摄、居家、旅行、微缩主题或超现实商品空间，并让选中方向成为主视觉语言；游戏人物或角色群像可成为前景主视觉，游戏视觉背景铺开为整张底图；人物参与时，佩戴、手持、操作、骑行、演奏、试用或使用中展示应成为商品价值证据，商品可因使用关系改变视角和姿态但保留关键识别特征；视觉表达模式为稳定承托时，使用关系清晰但场景、道具和信息层保持克制。","采用场景化陈列，主体与使用场景、内容背景、道具、人物或使用动作发生关系；人物参与时，人物清晰使用用户提供的商品，场景解释主题价值并衬托主体。","neg_product_identity|neg_no_crop_occlusion|neg_visual_clutter|neg_people_not_using_product","场景表达优先组合；人物参与=是时也可作为人物使用商品的组合方式，并由视觉表达模式决定场景强度。适合骑行、乐器、摄影、家电、耳机、智能穿戴、电脑、相机、游戏人物主视觉、角色群像和潮玩专题陈列。"
"combo_ranked_products","榜单排行组合","商品按 TOP 或热销排序组织。","2_plus","m_sales_ranking","biz_consumer_electronics|biz_n_category","rel_ranked_list","用排名数字、卡片层级、尺度差异或纵向序列建立排序视觉，排名视觉与商品位置绑定。","榜单要有可信秩序：数字、商品和卡片对齐，TOP 商品有明显视觉优先级，其余商品形成清楚递进。","采用榜单排行组合，TOP 商品更大，其余商品用卡片或列表承接，排名层级清晰。","neg_ranking_requires_source|neg_no_unprovided_facts|neg_product_identity","组合层命名；触发事实确认。"
"combo_bundle","套装 / 组合包","商品之间有搭配购买或组合包关系。","2_plus","m_subsidy_benefit|m_professional_recommendation|m_good_goods","biz_consumer_electronics|biz_n_category","rel_primary_support|rel_multi_collection","在用户或数据确认套装关系后，用近距离、共同容器、连线、组合底座或主配件层级表达组合感。","套装画面要有组合关系：主商品明确，配件围绕主商品服务使用理由，组合权益或搭配价值清楚。","采用套装或组合包表达，主商品与配件形成明确搭配关系，组合权益或使用理由清晰。","neg_bundle_requires_source|neg_product_identity|neg_no_crop_occlusion","由用户明示或数据确认套装关系后选择。"
"combo_multi_recyclable","多品类回收组合","回收业务专用，用多个品类表达覆盖范围。","2_plus","m_subsidy_benefit|m_service_trust|m_seasonal_promotion","biz_recycle","rel_multi_recyclable","用回收专用的多品类错落陈列表达覆盖范围：当只有 2 个商品或品类时，不强制设置主回收对象或陪衬对象，两个商品都保持合理视觉权重，通过前后、高低、大小、朝向、轻透视差或轻交叠形成错落，避免下沿齐平、等高并排或普通商品合影；当有 3 个及以上商品或品类时，可选一个主回收对象作为最大视觉重心，其他品类作为陪衬对象形成前后、高低、大小、朝向和轻透视差。商品可局部前后交叠但不能遮挡关键识别特征。优先使用同一连续浅色空间、无台面或最多 1 个连续台面/统一承托面承接所有商品，不为每个品类单独生成台子、圆台、石台、托盘或独立卡片。仅当用户明确要求卡片、入口矩阵、图标化分类或流程节点时，才退到轻量分组、服务入口矩阵或流程旁品类组。","它应像回收服务的多品类错落主视觉：2 个商品时两者视觉权重接近但必须有明确错落，至少在前后、高低、底边位置、朝向或轻透视上形成层次；3 个及以上商品时可让主商品更大更稳，陪衬商品在侧后方、前景或高处形成轻层次；所有商品共享同一光源、接触阴影、色彩体系和回收服务语义。画面要有覆盖范围和平台可信感，商品用于说明服务对象，不做普通卖货堆叠，也不做多个独立展台陈列。","采用多品类回收组合：2 个回收品类时不强制主推，两个商品保持合理大小并通过前后高低、底边错开、大小/角度/轻透视差形成错落；3 个及以上回收品类时可让一个主回收对象更突出，其他品类形成前后高低和大小层次；所有商品共享同一连续浅色空间、无台面或最多 1 个连续承托面，突出覆盖范围和服务可信。","neg_business_recycle_not_sale|neg_service_claims_source|neg_no_unprovided_facts|neg_visual_clutter|neg_recycle_podium_count","组合层命名；回收全品类默认组合。默认不是卡片矩阵，而是多品类错落主视觉；2 个商品时不强制主推但必须错落，避免下沿齐平或等高并排；卡片、入口矩阵或流程节点仅在用户明确要求或信息结构强制需要时使用。"
"combo_service_flow","服务流程组合","商品或品类与估价、上门、质检、打款等服务步骤一起表达。","1_plus","m_service_trust|m_subsidy_benefit","biz_recycle","rel_service_consultant|rel_multi_recyclable","用横向流程、纵向步骤、环形路径、主服务卡加节点卡等结构表达服务路径。","流程像可信的服务路径：节点少而清晰，线条统一，服务卡片和商品之间有稳定对齐关系。","采用服务流程组合，商品或品类与流程节点共同出现，用户能看懂回收服务路径。","neg_business_recycle_not_sale|neg_service_claims_source|neg_no_unprovided_facts","回收服务信任优先。"
