"negative_rule_id","rule_name","rule_type","applies_when","negative_prompt_fragment","severity","notes"
"neg_product_identity","商品身份保真","product","用户提供商品图或商品库素材","保持商品外观、结构、颜色、比例和关键识别特征，不替换商品；带屏幕、取景器、显示窗或内屏画面的商品，原商品图中的屏幕内容也属于关键识别特征，应保留主要画面内容、主体轮廓、色彩关系和明暗层次；人物参与为否只限制海报场景新增人物，不删除商品屏幕或取景画面中原本存在的人像、场景或界面；人物佩戴、手持、操作、骑行、演奏或使用商品时，允许商品视角、姿态和摆放方式随使用关系变化，但不改变商品身份。","high","商品参考图相关任务默认启用；QA 比对核心识别特征，不把合理视角变化判为失败；设备屏幕、取景器和显示窗中的原有画面按商品外观的一部分检查。"
"neg_no_unprovided_facts","事实信息限制","fact","涉及价格、折扣、补贴、排名、型号、参数、日期、服务承诺或活动范围","不新增用户未提供的价格、折扣、补贴、排名、型号、参数、日期、倒计时、服务承诺或活动范围。","high","主副标题中已有事实可保留；新增事实必须有来源；低优先级装饰性小字不作为事实信息。"
"neg_copy_exact_only","海报文案限制","text","所有生图任务","主标题、副标题和装饰字使用用户提供内容；不新增额外业务口号、按钮文案、说明文字、CTA、价格牌或事实型小字。","high","允许少量低优先级装饰性小字作为贴纸、胶带或手帐氛围元素；装饰字为空时不生成用户装饰字。"
"neg_text_accuracy","中文文字准确","text","需要渲染主标题、副标题或装饰字","不生成乱码文字，不擅自改写主标题、副标题和装饰字。","high","生图后仍需文字 QA。"
"neg_no_text_outline_shadow","文字效果限制","text","所有需要渲染主标题、副标题、装饰字或海报文字的生图任务","不使用文字描边、文字投影、立体字、金属字效、浮雕字、明显上下渐变填充、多色渐变填充、厚重渐变字、强电商模板字效、过度压迫字重、强发光字效或厚重字牌效果。","high","全局文字视觉限制，保持文字干净直接；明显渐变标题和厚重模板字效应触发文字层 QA。"
"neg_ce_font_style_mismatch","消费电子字体调性限制","text","business_line_id=biz_consumer_electronics 且需要渲染主标题","消费电子主标题不使用粗黑体、综艺感黑体、廉价促销模板黑体、厚重渐变块面字或不符合现代广告标题宋体/当代高对比中文 Serif 气质的字体。","high","消费电子专属字体 QA；字体不匹配应触发业务线字体与调性层 QA。"
"neg_no_perspective_text","文字视角限制","text","所有需要渲染主标题、副标题、装饰字或海报文字的生图任务","不使用透视文字、倾斜文字、斜切变形、空间旋转、3D 字、金属字、强投影或强描边。","high","全局文字视角限制，保持正视平面排版。"
"neg_no_text_dark_backplate","文字黑底托底限制","text","所有需要渲染主标题、副标题、装饰字或海报文字的生图任务","不在主标题、副标题或装饰字后方自动生成黑色底块、局部深色蒙版、暗色喷枪托底、脏污黑雾或其他明显暗色承托层；如需提升可读性，优先通过背景留白、亮度对比或轻量局部阅读面解决。","high","用于压制模型为增强文字可读性而自动补出的黑底或暗托；不限制正常的整体背景明暗对比。"
"neg_no_title_panel_carrier","主标题承载体限制","layout","4:3 / 16:9 / 2:1 横版、左文右图或有独立标题承载的生图任务","不把主标题放进明显边框的大卡片、大 UI 面板、厚重标题框、任务面板或按钮式容器；不让主标题形成独立大卡片承载体。","high","主标题默认直接排在背景空间上；副标题或权益可使用轻薄信息条。"
"neg_no_square_title_forced_linebreak","1:1 主标题强制折行限制","layout","format_id=fmt_square_1_1 且用户未明确要求主标题折行","1:1 正方形海报不套用横版超过 4 个汉字语义折行规则；用户未明确要求时，不把主标题强制拆成两行。","high","1:1 主标题默认完整单行呈现；如模型把横版折行规则迁移到 1:1，触发文字层 QA。"
"neg_no_duplicate_copy","文案重复限制","text","所有生图任务，尤其是副标题含权益、卖点、会员、充值、兑换或服务点列表时","同一条用户文案只能选择一种承载方式；主标题只出现一次；列表型副标题拆成权益卡、卖点卡、会员卡、充值卡、兑换卡或服务卡后，不再重复渲染副标题整句。","high","解决副标题整句和模块卡片重复出现的问题。"
"neg_no_brand_hallucination","品牌与标识限制","brand","未提供品牌或商品图中不可见品牌","不新增真实品牌名、Logo、型号名、商标、认证或官方背书；商品图已有可见标识可尽量保留。","high","避免无来源品牌化。"
"neg_no_crop_occlusion","裁切遮挡限制","layout","所有生图任务","不裁切、不遮挡商品主体，不让文字、卡片、背景或装饰压住关键商品特征。","high","商品展示和版式安全默认启用。"
"neg_no_qr_watermark_ui","额外 UI 限制","visual","所有生图任务","不添加二维码、水印、额外 UI、无关图标、无关业务可读文本或未提供事实文字。","medium","平台实际模板元素由用户另行提供；低优先级装饰性小字可作为氛围元素。"
"neg_visual_clutter","画面杂乱限制","visual","所有生图任务","不把无关装饰堆满画面，不把候选平面元素、贴纸、卡片、台面、礼盒、相框或道具全部堆进同一张图，不让装饰抢商品和标题。","medium","用于控制促销模板化、装饰过载和候选元素清单化。"
"neg_background_disconnected_system","背景系统断裂限制","background","所有包含背景、标题区、商品区或多层视觉区域的生图任务","背景区域之间不出现硬切拼接、材质体系突变、光源冲突、透视或空间深度冲突；不形成独立白底标题条、独立页眉区或与实景主体区硬分割的背景块；平面图形层、拼贴层、卡片层、实景层和商品层之间不缺少统一过渡或共同设计秩序。","high","不限制平面拼贴风；只限制缺少统一图形语言或空间逻辑的断裂拼接。"
"neg_heavy_benefit_cards","权益信息厚重限制","info_module","副标题、权益点、卖点、会员、充值、兑换、服务点或保障信息被拆成模块、卡片或图标信息层时","不使用厚重色块按钮、大面积实心底、大圆角胶囊按钮、重阴影、实心大图标、强 UI 控件感权益卡或抢主标题的信息模块。","high","默认采用纯文字短句、细分隔线、中点分隔或低存在感信息行；卡券类或服务流程确需卡片时，也必须保持辅助层级。"
"neg_people_not_using_product","人物未使用商品限制","people","people_participation=是 或人物参与被推断为允许时","人物不只作为背景氛围、远景人物、旁观者或与商品无关的装饰人物；人物参与时应与用户提供的商品发生可见使用关系，不使用另一件无关商品替代主商品。","high","人物参与=是 时，QA 必须检查人物是否在使用、佩戴、手持、操作、骑行、演奏、试用或展示用户提供的商品。"
"neg_no_template_sale","模板化促销限制","visual","用户要求高级感、内容审美或日常运营图时","不做成廉价促销模板、贴纸堆、强噪点活动页或只有折扣感的通用模板。","medium","与正向视觉语言一起使用。"
"neg_membership_no_fixed_layer_redraw","会员固定层不重画","layer","biz_membership 且 A/S 2:1 会员日头图","AI 底图不生成会员日标识、每月22日、日期、副标题标准字、右侧规则按钮、规则文字或底部弧形；这些固定层留给后续代码合成。","high","避免 AI 重画造成重复、乱码或错位。"
"neg_business_recycle_not_sale","回收业务边界","business","business_line_id=biz_recycle","回收业务不要画成普通卖货图，不暗示无条件高价回收或所有商品同价。","high","回收服务默认启用。"
"neg_ranking_requires_source","榜单排行来源","fact","marketing_type_id=m_sales_ranking 或标题含 TOP/排行","排名、销量、TOP 数字必须来自用户或数据，不生成无来源榜单。","high","触发事实确认。"
"neg_bundle_requires_source","套装关系来源","fact","combination_id=combo_bundle 或标题含套装/买赠","未确认套装或赠品关系时，不把普通多商品表达成套装、组合包、买赠。","medium","套装关系需要用户或商品数据确认。"
"neg_game_no_ip_hallucination","游戏/IP 限制","ip","游戏、潮玩、IP 类素材或 game_ui_graphic 背景","不新增游戏名、IP 名、角色名、福利金额或具体品牌世界观。","high","避免仿特定游戏或 IP。"
"neg_game_character_card_misuse","游戏人物卡片误用限制","layout","game_visual_asset_type=game_character_visual 或 game_multi_character_visual 且游戏人物或角色群像作为主视觉","不把游戏人物或角色群像强行放进商品卡、角色卡、皮肤卡或卡片阵列，不让卡片边框压住人物主体。","high","用于游戏人物主视觉和角色群像场景。"
"neg_service_claims_source","服务承诺来源","service","回收或服务信任任务","上门、质检、打款、官方验等服务承诺必须来自用户或业务规则。","high","服务承诺相关任务默认启用。"
"neg_recycle_podium_count","回收台面数量限制","layout","background_recipe_id=bg_recycle_service_graphic 或 business_line_id=biz_recycle 的浅色台面背景","回收浅色背景中不生成两个或多个分离台子、展台、圆台、石台、托盘或承托块；可无台面，若需要承托只能使用 1 个连续台面或 1 个统一承托面。","medium","用于避免回收 B 档生成多台座。"
"neg_prompt_only_respected","输出模式限制","workflow","用户明确只要 Prompt 或先别生图","不调用生图能力，只输出任务卡、Prompt、禁止项和自检。","high","用于执行模式判断。"
"neg_membership_no_third_party_card","会员业务边界","business","business_line_id=biz_membership","不把转转平台会员日画成视频/游戏/咖啡等第三方会员充值、点卡、兑换卡或虚拟权益卡售卖页面。","high","第三方会员仍走 N 品类卡券。"
